29075 1950DA,2000.0,2880-03-16 23:48,1/7042,-1.36,n/a,17.99,393
410777 2009FD,150.0,2185-03-29 18:06,1/694,-1.83,n/a,19.41,2251
101955 Bennu,484.0,2196-09-24 07:55,1/10638,-2.32,n/a,12.68,2801
2010RF12,9.0*,2095-09-05 23:47,1/16,-3.26,0,12.29,2396
1979XB,860.0*,2113-12-14 18:07,1/1.84E6,-3.28,0,26.04,13603
2017GM7,810.0*,2035-06-20 12:29,1/1.97E7,-3.53,0,22.47,5
2017FN128,670.0*,2059-09-13 14:05,1/1.38E7,-3.61,0,36.54,16
2000SG344,46.0*,2071-09-16 00:26,1/2096,-3.63,0,11.26,6005
99942 Apophis,375.0,2068-04-12 15:13,1/531914,-3.67,0,12.62,4292
2016NL56,560.0*,2020-06-22 15:42,1/1.01E9,-3.7,0,38.42,179
2009JF1,16.0*,2022-05-06 08:12,1/4464,-3.75,0,26.41,2868
2006QV89,37.0*,2019-09-09 07:03,1/11428,-3.79,0,12.32,3847
2008UB7,71.0*,2060-10-31 18:26,1/36101,-3.83,0,21.57,3072
2006JY26,9.0*,2074-05-03 01:00,1/86,-3.91,0,11.57,3961
2017FO128,140.0*,2104-03-15 19:19,1/103092,-3.92,0,18.81,15
2012QD8,100.0*,2047-03-08 23:18,1/188679,-3.95,0,23.58,1680
2008JL3,37.0*,2027-05-01 09:07,1/13280,-3.95,0,14.01,3232
2005QK76,39.0*,2030-02-26 08:17,1/26809,-3.97,0,22.66,4211
2008CC71,45.0*,2066-02-27 12:14,1/9174,-4.07,0,13.81,3331
2013VW13,24.0*,2080-11-08 16:26,1/3546,-4.13,0,19.81,1215
2010WC9,86.0*,2027-05-15 23:59,1/257069,-4.15,0,16.93,2307
2007FT3,420.0*,2030-10-03 15:03,1/1.17E7,-4.18,0,20.15,3644
2016NL39,13.0*,2075-06-28 07:32,1/460,-4.19,0,11.85,268
2011XC2,110.0*,2056-12-02 09:55,1/300300,-4.21,0,23.57,1933
2014GN1,64.0*,2061-09-16 20:12,1/51282,-4.22,0,23.99,1073
2008UV99,440.0*,2019-03-30 06:24,1/4.1E7,-4.24,0,19.15,3045
2012HG2,17.0*,2071-02-10 04:09,1/1270,-4.35,0,11.66,1786
2015YJ,9.0*,2059-12-14 08:15,1/970,-4.37,0,19.8,450
2009BE,25.0*,2083-01-25 02:21,1/4545,-4.37,0,16.01,2976
2011DU9,19.0*,2046-02-23 20:30,1/4329,-4.38,0,14.21,2154
2007VE8,34.0*,2062-11-06 02:53,1/11627,-4.4,0,14.39,3415
2013TP4,13.0*,2026-10-01 07:49,1/17064,-4.49,0,27.66,1255
2010CR5,470.0*,2062-01-01 02:10,1/2.17E7,-4.5,0,26.91,2587
2012MF7,18.0*,2046-06-21 21:10,1/5050,-4.51,0,14.16,1721
2005ED224,67.0*,2023-03-11 08:25,1/632911,-4.53,0,27.08,4393
2008EX5,73.0*,2083-10-09 17:04,1/76923,-4.55,0,14.94,3308
2016RD34,13.0*,2051-05-21 01:03,1/1824,-4.56,0,11.24,211
2017FO63,86.0*,2097-11-13 18:29,1/362318,-4.56,0,31.34,22
2010AU118,1947.0,2020-10-19 11:57,1/1E9,-4.58,0,27.81,2489
2005XA8,31.0*,2076-12-05 17:43,1/14025,-4.59,0,16.47,4113
443104,62.0*,2101-06-20 07:38,1/44642,-4.63,0,13.14,1182
2007DX40,50.0*,2056-08-18 05:18,1/86956,-4.64,0,19.11,3684
2000SB45,57.0*,2085-10-08 11:08,1/39062,-4.65,0,13.45,6023
2010UK,18.0*,2068-10-15 10:25,1/3636,-4.68,0,12.73,2337
2008HJ,30.0*,2081-05-02 12:04,1/10905,-4.69,0,13.48,3243
2008FF5,100.0*,2060-03-27 18:09,1/1.98E6,-4.77,0,41.02,3285
2008EZ84,25.0*,2073-03-09 23:41,1/10050,-4.79,0,13.69,3285
2008ST7,64.0*,2094-09-10 01:42,1/95238,-4.83,0,15.0,3085
2016WN55,430.0*,2027-09-12 17:31,1/2.1E8,-4.84,0,18.95,104
2014WA201,18.0*,2075-11-16 03:23,1/8000,-4.86,0,16.09,840
2006DM63,19.0*,2035-02-24 08:18,1/17064,-4.87,0,15.24,4029
2017FB1,88.0*,2108-03-03 12:01,1/510204,-4.89,0,24.74,24
2001BA16,29.0*,2041-01-15 01:31,1/25706,-4.91,0,12.21,5857
2001CA21,740.0*,2020-10-08 16:13,1/8.55E8,-4.92,0,32.3,5881
2015XA378,28.0*,2107-12-20 18:53,1/30487,-4.98,0,21.09,453
2007KE4,39.0*,2029-05-26 00:29,1/156985,-4.98,0,15.03,3580
2016WJ1,230.0*,2115-06-14 15:58,1/3.37E6,-4.98,0,18.58,141
2010JH80,52.0*,2082-05-05 10:44,1/296735,-4.99,0,29.13,2494
2015RN35,110.0*,2074-12-12 15:24,1/526315,-5.01,0,12.55,547
1994GK,60.0*,2061-04-03 15:26,1/219780,-5.01,0,18.6,8387
2007WP3,83.0*,2105-11-12 07:31,1/305810,-5.03,0,17.17,1474
2001GP2,18.0*,2063-10-07 00:14,1/6802,-5.08,0,11.47,5786
2014CR13,30.0*,2108-02-11 19:52,1/30303,-5.09,0,16.62,1125
2008TE,12.0*,2023-09-25 11:07,1/21321,-5.09,0,16.28,3083
2002GM5,220.0*,2064-10-03 10:12,1/8.85E6,-5.09,0,23.3,1474
2010GM23,341.0,2105-04-15 03:58,1/108932,-5.1,0,17.48,2543
2014JU15,48.0*,2089-04-28 12:56,1/108932,-5.12,0,15.22,1041
2013EV27,17.0*,2038-02-28 23:44,1/30769,-5.12,0,16.67,1464
2007HB15,12.0*,2055-04-25 12:30,1/4608,-5.13,0,12.85,3611
2002MN,91.0*,2071-06-15 15:50,1/568181,-5.13,0,15.25,5330
2006QN111,75.0*,2079-08-16 11:31,1/338983,-5.14,0,15.37,3860
2012ES10,76.0*,2059-03-05 10:45,1/1.49E6,-5.18,0,26.8,1822
2011SO189,21.0*,2056-09-24 11:51,1/35714,-5.18,0,17.2,1990
2016WG,92.0*,2076-06-23 06:55,1/1.72E6,-5.18,0,26.09,128
2016EO28,6.0*,2035-02-28 09:50,1/3174,-5.19,0,13.18,371
2012EK5,33.0*,2095-03-24 11:41,1/64935,-5.19,0,18.81,1819
2011OB26,32.0*,2107-08-12 00:40,1/40322,-5.19,0,15.69,2048
2010QG2,38.0,2051-09-05 09:12,1/478468,-5.19,0,17.06,2398
2008PK9,97.0*,2057-08-10 18:32,1/2.51E6,-5.2,0,27.72,3138
2002UV36,21.0*,2087-10-26 07:58,1/13106,-5.2,0,13.79,5233
2009BR5,160.0*,2078-07-19 06:39,1/4.37E6,-5.21,0,21.17,2986
2013WM,69.0*,2047-11-20 11:31,1/3.11E6,-5.22,0,37.48,1216
2011UM169,41.0*,2102-10-24 12:30,1/107411,-5.25,0,17.89,1962
2011AM37,5.0*,2048-01-11 10:08,1/826,-5.26,0,11.76,2154
2002RB182,110.0*,2110-09-27 04:54,1/1.14E6,-5.26,0,18.61,5292
2014JR24,6.0*,2069-05-01 22:18,1/900,-5.28,0,11.78,1041
2007TC14,160.0*,2082-10-22 10:11,1/7.35E6,-5.29,0,27.89,3450
2016FV13,28.0*,2114-04-12 15:37,1/36630,-5.3,0,15.73,345
2013BL18,27.0*,2086-01-14 07:26,1/56818,-5.31,0,18.06,1514
1996TC1,69.0*,2067-09-26 05:02,1/1.01E6,-5.31,0,26.49,7472
2012SY49,29.0*,2048-09-28 18:29,1/151975,-5.32,0,19.23,1630
2012BA77,28.0*,2025-10-10 01:48,1/303030,-5.32,0,16.75,1871
2013GM3,24.0*,2073-04-13 21:16,1/34013,-5.34,0,13.28,1437
2016DK1,14.0*,2043-02-18 02:17,1/22321,-5.35,0,13.13,376
1995CS,34.0*,2042-02-03 14:40,1/338983,-5.35,0,27.8,8070
2016SR2,23.0*,2101-10-07 11:50,1/21321,-5.35,0,12.66,181
2007KO4,96.0*,2046-11-23 22:02,1/2.16E6,-5.36,0,17.45,3599
2006HF6,54.0*,2070-04-19 01:55,1/442477,-5.36,0,19.85,3978
2012DW60,21.0*,2089-03-13 10:11,1/20040,-5.38,0,12.41,1837
2010JH110,23.0*,2092-06-03 17:11,1/27247,-5.38,0,13.79,2492
2009WP6,19.0*,2074-11-16 09:58,1/61349,-5.38,0,27.7,2670
2014OM207,6.0*,2101-07-25 21:33,1/1169,-5.4,0,13.86,956
2014ML67,64.0*,2027-07-03 19:39,1/4.57E6,-5.4,0,24.14,969
2010KV7,13.0,2034-05-21 06:10,1/109769,-5.42,0,12.39,2488
2010VQ,12.0*,2034-10-07 14:43,1/17857,-5.44,0,12.07,2322
2008KO,55.0*,2052-06-01 14:23,1/1.34E6,-5.46,0,26.06,3225
2011VG9,150.0*,2104-11-03 20:44,1/8.4E6,-5.48,0,27.27,1957
2010MY112,372.0,2018-12-18 17:01,1/5.18E8,-5.49,0,26.13,2440
2005EL70,66.0*,2034-03-05 23:20,1/5.62E6,-5.49,0,37.25,4399
2007DS7,29.0*,2075-02-17 10:13,1/95238,-5.5,0,16.69,3672
2011EB74,18.0*,2054-03-16 12:20,1/30030,-5.51,0,13.39,2154
2002TY59,35.0*,2110-10-03 10:52,1/75187,-5.52,0,13.88,5248
2015KG158,9.0*,2071-05-14 21:32,1/5882,-5.53,0,13.57,642
2002VU17,47.0*,2099-11-17 07:11,1/258397,-5.53,0,17.68,5226
2016LP10,5.0*,2023-06-10 10:41,1/24390,-5.58,0,19.26,276
2016BA15,18.0*,2056-07-18 21:13,1/87719,-5.58,0,19.42,407
2011SM173,12.0*,2058-09-22 03:55,1/21739,-5.58,0,18.09,1991
2016JB18,14.0*,2098-04-14 04:22,1/9174,-5.59,0,11.64,307
2017FR102,49.0*,2089-03-08 12:43,1/361010,-5.61,0,15.25,16
2012BY1,29.0*,2043-01-25 16:47,1/427350,-5.61,0,21.39,1879
2010VW194,21.0*,2079-11-12 19:31,1/42735,-5.61,0,13.34,2308
2015XR169,7.0*,2062-12-13 16:24,1/5681,-5.62,0,14.69,458
2010XN69,24.0*,2055-01-08 09:40,1/64102,-5.62,0,12.25,2154
2015ME131,500.0*,2019-02-16 22:12,1/8.77E9,-5.63,0,25.68,601
2016CD30,12.0*,2070-01-31 17:21,1/19569,-5.64,0,15.36,400
2012LJ,32.0*,2072-11-10 21:45,1/303951,-5.64,0,21.77,1737
2009OW6,36.0*,2080-08-20 10:42,1/153609,-5.64,0,13.02,2784
2017FN1,3.0*,2033-03-20 22:58,1/4405,-5.65,0,21.14,23
2016PO66,160.0*,2021-09-06 06:16,1/1.62E8,-5.65,0,21.09,207
2012VE77,23.0*,2035-11-18 01:39,1/289855,-5.66,0,18.93,1578
2016RR1,12.0*,2102-09-03 22:39,1/8620,-5.67,0,13.07,187
2016AF9,160.0*,2083-12-23 13:58,1/3.14E7,-5.67,0,37.43,443
2009CZ1,53.0*,2058-02-19 00:59,1/1.38E6,-5.67,0,20.97,2958
2015BW516,12.0*,2052-01-30 21:48,1/32894,-5.68,0,15.95,645
2014FX32,41.0*,2076-03-12 03:26,1/298507,-5.69,0,14.38,1105
2015WN1,21.0*,2092-11-11 22:26,1/47846,-5.69,0,14.29,478
2010HS20,90.0*,2071-07-01 09:42,1/1.98E6,-5.69,0,14.03,2527
2007CC27,18.0*,2075-02-12 10:03,1/43290,-5.7,0,15.6,3679
2014YN,30.0*,2100-11-10 07:24,1/78125,-5.71,0,11.65,813
2016VB1,8.0*,2078-10-20 23:05,1/7092,-5.73,0,12.46,132
2013HT150,35.0*,2093-10-19 12:30,1/282485,-5.74,0,18.62,1295
2012TC4,19.0*,2038-10-12 19:29,1/114416,-5.76,0,12.93,1653
2010UH,16.0*,2115-07-14 11:25,1/19646,-5.76,0,13.06,2337
2004PU42,19.0*,2085-08-17 01:28,1/46296,-5.78,0,15.07,4594
2014QC391,13.0*,2100-09-07 05:56,1/17513,-5.8,0,13.53,921
2010JL88,19.0*,2082-05-18 21:20,1/78125,-5.81,0,18.61,2492
2016CK137,14.0*,2086-02-02 07:42,1/31250,-5.83,0,14.91,396
2016GK2,12.0*,2096-03-26 17:38,1/16207,-5.84,0,14.43,342
2010TW149,28.0*,2093-10-07 00:42,1/223713,-5.84,0,20.4,2340
2007EV,41.0*,2104-09-20 20:56,1/312500,-5.84,0,15.39,3667
1999RZ31,74.0*,2056-09-05 03:22,1/1.86E6,-5.86,0,13.86,6397
2013RO30,9.0*,2090-09-04 21:19,1/9174,-5.87,0,14.52,1281
2011BU59,24.0*,2096-01-17 04:12,1/113507,-5.88,0,15.96,2154
2008ST,16.0*,2080-09-24 11:20,1/31250,-5.88,0,11.63,3093
2007TL16,24.0*,2090-10-06 07:34,1/116009,-5.88,0,15.99,3442
2004VM24,30.0*,2078-11-13 02:48,1/264550,-5.91,0,17.03,4506
2007UO6,14.0*,2031-10-17 06:00,1/129366,-5.92,0,16.18,3428
2011ES4,31.0*,2055-09-02 17:10,1/343642,-5.93,0,13.58,2154
2011BF40,46.0*,2083-06-27 12:04,1/1.12E6,-5.93,0,21.62,2154
2005VN5,17.0*,2071-11-12 13:38,1/49999,-5.93,0,12.97,4139
1994GV,14.0*,2065-04-10 12:53,1/35971,-5.95,0,13.79,8368
2014UD57,29.0*,2086-10-21 05:11,1/209205,-5.96,0,14.18,868
2014GY44,35.0*,2080-03-29 01:13,1/480769,-5.97,0,16.65,1069
2009FG,33.0*,2077-12-24 13:03,1/316455,-5.97,0,14.43,2917
2008YO2,38.0*,2079-12-24 18:29,1/719424,-5.97,0,19.87,3002
2008DB,31.0*,2046-08-14 10:42,1/414937,-5.98,0,13.17,3309
2012BU1,12.0*,2100-01-13 19:05,1/23364,-5.99,0,14.33,1879
2016NK22,7.0*,2111-07-14 06:03,1/4784,-6.0,0,13.12,245
2011MX,18.0*,2081-06-19 08:14,1/88495,-6.0,0,16.51,2087
2009VA,8.0*,2025-11-06 20:14,1/47619,-6.02,0,13.89,2683
2007XZ9,46.0*,2068-11-28 00:22,1/1.16E6,-6.02,0,17.17,3398
2017FC3,82.0*,2055-10-08 11:07,1/9.09E6,-6.06,0,17.97,23
2015HV182,210.0*,2017-09-19 16:55,1/2.75E9,-6.06,0,21.86,651
2012VJ38,9.0*,2077-11-14 15:36,1/12033,-6.06,0,12.03,1581
2009WR52,9.0*,2060-11-22 13:06,1/18656,-6.06,0,12.43,2666
2014SR261,18.0*,2058-09-19 03:10,1/234741,-6.07,0,18.93,896
2011BL45,15.0*,2071-08-01 12:10,1/48780,-6.07,0,11.31,2154
2011TO,23.0*,2064-09-27 09:32,1/228310,-6.08,0,14.08,1987
2011FQ6,12.0*,2075-03-23 23:33,1/42016,-6.08,0,15.34,2154
2013WZ44,31.0*,2111-11-26 08:47,1/328947,-6.12,0,16.81,1198
2012TV,38.0*,2070-04-03 02:17,1/1.29E6,-6.12,0,20.06,1618
2011CU46,35.0*,2091-08-12 19:36,1/714285,-6.12,0,19.76,2154
2016CY135,54.0*,2103-03-11 07:52,1/1.01E6,-6.13,0,13.05,396
2010UY7,8.0*,2092-10-28 04:55,1/10040,-6.13,0,11.84,2324
2009BF58,15.0*,2083-01-22 05:50,1/53475,-6.13,0,13.03,2963
2016TQ18,23.0*,2110-10-01 03:52,1/145137,-6.14,0,14.73,168
2001SB170,140.0*,2095-03-17 18:52,1/2.45E7,-6.14,0,25.11,5644
2015UR67,23.0*,2091-10-25 02:33,1/217864,-6.15,0,16.13,497
2016RQ41,410.0*,2023-02-15 00:39,1/2.79E9,-6.16,0,17.01,169
2014QF33,75.0*,2082-08-17 08:14,1/8.77E6,-6.16,0,25.83,947
2015XP,29.0*,2067-12-04 01:39,1/471698,-6.17,0,13.88,465
2015EO,20.0*,2074-09-12 08:53,1/239808,-6.17,0,18.11,733
2009RR,32.0*,2108-09-17 08:31,1/434782,-6.17,0,17.11,2739
2017DC120,150.0*,2024-01-30 16:39,1/1.95E8,-6.17,0,16.61,23
2005AU3,27.0*,2102-01-06 04:39,1/332225,-6.18,0,18.41,4446
2016TY55,18.0*,2082-10-20 04:44,1/93457,-6.19,0,12.09,166
2017AA21,24.0*,2020-02-12 05:01,1/5.71E6,-6.19,0,13.71,70
2013NH6,90.0*,2060-06-29 19:51,1/2.04E7,-6.2,0,24.48,1360
2013GA55,12.0*,2114-04-06 01:00,1/33333,-6.2,0,14.56,1431
2012BL14,10.0*,2031-01-19 16:58,1/232558,-6.2,0,23.03,1877
2017DW119,19.0*,2023-01-19 13:34,1/2.43E6,-6.2,0,14.73,22
2000LG6,7.0*,2088-05-27 06:10,1/6211,-6.21,0,11.38,6123
2011BG10,23.0*,2051-01-24 09:55,1/505050,-6.22,0,16.63,2154
2014AD16,14.0*,2087-01-08 08:27,1/63694,-6.23,0,13.94,1162
2005WG57,79.0*,2104-08-23 21:04,1/3.41E6,-6.23,0,14.91,4134
2015BE511,8.0*,2078-01-27 11:00,1/21008,-6.24,0,14.96,775
2006BC8,39.0*,2085-07-26 01:47,1/1.02E6,-6.24,0,17.27,4065
2014MA68,27.0*,2026-05-03 12:33,1/1.61E6,-6.26,0,11.96,957
2008CT1,13.0*,2088-02-05 10:51,1/72992,-6.26,0,17.23,3323
2014FE,13.0*,2034-09-21 19:13,1/438596,-6.27,0,22.72,1087
2013HT14,23.0*,2077-04-16 13:35,1/636942,-6.27,0,23.35,1420
2012VS76,17.0*,2084-11-16 16:06,1/154083,-6.27,0,16.03,1579
2009HW67,25.0*,2079-04-24 14:17,1/799999,-6.27,0,25.29,2875
2006CD,340.0*,2067-07-20 19:11,1/1.06E8,-6.27,0,15.23,4055
2008EV84,35.0*,2041-03-07 15:52,1/1.92E6,-6.28,0,16.11,3285
2007YM,26.0*,2017-11-30 10:00,1/1.61E6,-6.28,0,13.82,3381
2016AB166,54.0*,2108-01-13 08:08,1/3.72E6,-6.29,0,24.33,421
2012XM16,29.0*,2081-12-20 00:56,1/653594,-6.3,0,16.91,1553
2016CG18,8.0*,2062-08-07 04:24,1/28169,-6.31,0,11.95,402
2017AB21,340.0*,2019-09-18 03:40,1/3.34E9,-6.31,0,14.78,70
2016JT38,360.0*,2018-11-29 14:08,1/3.85E9,-6.32,0,17.32,304
2005TA,15.0*,2110-10-06 14:00,1/55555,-6.34,0,12.17,4177
2003UQ25,61.0*,2093-03-17 12:00,1/4.59E6,-6.34,0,21.2,1474
2015DD54,34.0*,2116-03-04 11:20,1/487804,-6.36,0,13.04,752
2009TU,14.0*,2086-10-09 23:59,1/138312,-6.36,0,18.83,2710
2014SR223,19.0*,2063-09-27 15:22,1/434782,-6.37,0,18.89,900
2015TL21,22.0*,2061-10-07 12:10,1/684931,-6.38,0,19.11,521
2011DS,17.0*,2080-02-24 17:57,1/132450,-6.38,0,12.95,2154
2007EO88,22.0*,2110-09-19 21:24,1/224719,-6.38,0,15.66,3649
2013BR27,12.0*,2092-01-17 02:30,1/72463,-6.4,0,15.63,1512
2009JL2,27.0*,2057-05-13 16:22,1/961538,-6.41,0,17.01,2860
2016SA2,10.0*,2111-09-26 14:02,1/29940,-6.45,0,12.32,186
2005NX55,160.0*,2019-01-06 06:23,1/7.94E8,-6.45,0,27.56,4280
2016AU193,36.0*,2109-12-31 16:09,1/2.14E6,-6.46,0,24.48,415
2006BM8,35.0*,2113-01-21 22:57,1/1.08E6,-6.46,0,18.53,1459
2004VZ14,37.0*,2076-11-01 21:35,1/1.92E6,-6.46,0,18.89,4506
2009HC,47.0*,2113-04-11 09:40,1/1.09E6,-6.47,0,11.78,2875
2014GQ17,16.0*,2067-06-13 08:43,1/183823,-6.48,0,12.41,1071
2016DA31,4.0*,2031-09-04 19:42,1/50505,-6.49,0,17.7,347
2014OX3,12.0*,2116-07-24 17:50,1/77519,-6.5,0,16.99,959
2017FD157,150.0*,2042-09-15 21:04,1/1.39E8,-6.5,0,16.93,13
2013AB65,13.0*,2113-01-13 10:08,1/214132,-6.52,0,26.86,1519
2012DJ54,8.0*,2068-02-24 13:55,1/39682,-6.52,0,12.43,1838
2010NH,31.0*,2092-06-30 20:10,1/854700,-6.52,0,15.2,2442
2014MO68,91.0*,2025-08-21 21:43,1/4.26E7,-6.53,0,12.72,957
2013FU13,15.0*,2081-03-15 10:41,1/142045,-6.53,0,12.57,1449
2017AT20,16.0*,2028-06-24 06:26,1/990099,-6.53,0,13.19,70
2011EB,17.0*,2070-02-27 16:58,1/318471,-6.54,0,15.22,2154
2016JA6,22.0*,2099-05-03 04:05,1/460829,-6.55,0,15.92,311
2011AY22,16.0*,2106-01-17 18:36,1/195694,-6.55,0,17.17,2154
2006SC,38.0*,2095-09-14 00:06,1/1.64E6,-6.55,0,16.56,3829
2008XC1,78.0*,2085-12-17 14:43,1/1.02E7,-6.56,0,16.16,3035
2016TQ2,22.0*,2110-10-04 13:19,1/510204,-6.57,0,18.88,158
2005UL6,53.0*,2068-10-28 00:16,1/5.03E6,-6.57,0,16.36,4164
2012PB20,44.0*,2115-02-11 11:14,1/1.25E6,-6.58,0,11.88,1670
1997UA11,38.0*,2073-10-24 02:02,1/2.03E6,-6.58,0,16.37,7065
2017BG92,8.0*,2053-01-21 11:25,1/62893,-6.6,0,12.37,65
2014HD198,5.0*,2018-04-30 21:13,1/507614,-6.6,0,21.76,838
2012UU158,17.0*,2070-10-20 05:14,1/434782,-6.6,0,16.6,1597
2007UN12,8.0*,2086-09-28 03:50,1/23866,-6.62,0,11.29,3422
2012EP10,6.0*,2096-02-21 13:05,1/15060,-6.64,0,11.52,1822
2009WQ25,68.0*,2094-10-27 14:43,1/1.19E7,-6.64,0,20.3,2667
2008XU2,32.0*,2039-11-25 01:31,1/3.31E6,-6.64,0,14.95,3017
2004XB45,23.0*,2035-12-18 01:52,1/2.43E6,-6.64,0,20.37,4471
2015SG,22.0*,2105-08-17 08:08,1/390625,-6.65,0,13.69,540
2016WY,6.0*,2097-11-11 10:09,1/15576,-6.65,0,11.64,127
1991VG,9.0*,2115-11-05 11:28,1/24213,-6.66,0,11.23,7
2008VM,4.0*,2031-11-04 17:36,1/29761,-6.67,0,15.17,3051
2005TM173,67.0*,2048-11-19 02:20,1/1.19E7,-6.67,0,15.52,4148
2013RR43,35.0*,2050-09-08 18:01,1/6.76E6,-6.68,0,22.02,1277
2009FZ4,35.0*,2018-09-20 11:38,1/1.71E7,-6.68,0,14.63,2914
2013UR1,12.0*,2050-10-21 19:11,1/598802,-6.69,0,24.41,1235
2013PG10,12.0*,2064-02-10 22:06,1/169204,-6.7,0,13.13,1314
2010UJ,24.0*,2029-11-27 07:06,1/1.95E6,-6.7,0,11.49,2337
2007YS56,29.0*,2113-12-26 15:14,1/813008,-6.7,0,14.44,3349
2006WV29,21.0*,2098-06-05 21:40,1/729927,-6.7,0,20.18,3761
2014QN266,24.0*,2078-08-23 17:59,1/602409,-6.71,0,11.54,953
2008YV32,23.0*,2096-01-10 10:11,1/531914,-6.71,0,14.22,2991
2007US51,15.0*,2082-10-31 13:52,1/381679,-6.71,0,18.98,3419
2014NW64,500.0*,2035-11-23 09:58,1/4.31E9,-6.72,0,14.77,956
2007UD6,9.0*,2067-10-18 22:39,1/76335,-6.72,0,12.69,3429
2016EM156,11.0*,2116-03-19 15:13,1/84033,-6.73,0,14.23,363
2015UH52,27.0*,2101-10-21 06:48,1/1.05E6,-6.74,0,15.82,505
2008EM68,13.0*,2019-03-11 21:43,1/1.54E6,-6.74,0,18.92,3287
2009EW,22.0*,2081-03-06 09:43,1/917431,-6.75,0,17.01,2931
2016FA14,14.0*,2072-03-28 22:47,1/450450,-6.76,0,18.9,345
2007VH189,94.0*,2042-06-05 11:37,1/7.58E7,-6.76,0,21.28,3419
2011YC63,7.0*,2034-12-30 01:31,1/256410,-6.77,0,21.91,1896
2003WT153,10.0*,2089-09-10 03:06,1/76923,-6.79,0,12.03,4851
2012CL17,30.0*,2108-02-07 05:28,1/2.82E6,-6.8,0,24.17,1460
2010TD,18.0*,2072-09-27 09:07,1/1.05E6,-6.8,0,21.97,2352
2014TL,11.0*,2111-10-01 18:58,1/137551,-6.81,0,15.49,892
2014OY391,27.0*,2018-03-22 00:40,1/3.65E7,-6.81,0,18.48,817
2013NE24,14.0*,2093-07-11 14:43,1/281690,-6.81,0,16.2,1324
2011MD,6.0,2114-06-05 07:47,1/64935,-6.81,0,11.28,2089
2010NN,9.0*,2060-07-03 07:24,1/120918,-6.81,0,13.6,2440
2017FW90,10.0*,2102-03-30 22:51,1/74626,-6.82,0,11.93,19
2016LG10,33.0*,2108-06-06 00:36,1/1.54E6,-6.82,0,14.16,276
2006WZ184,26.0*,2109-11-27 02:10,1/740740,-6.82,0,13.34,3754
2005TH50,11.0*,2032-10-02 15:09,1/271002,-6.82,0,12.16,4169
2010JA43,478.0,2023-01-07 13:25,1/7.3E8,-6.83,0,18.77,2499
2006UU17,22.0*,2103-10-21 20:48,1/636942,-6.83,0,14.87,1459
2003DW10,25.0*,2046-03-02 09:06,1/1.77E6,-6.83,0,13.65,4968
2010TN55,17.0*,2078-10-11 13:48,1/1.39E6,-6.85,0,27.69,2342
2008KN11,94.0*,2046-06-20 19:09,1/7.41E7,-6.86,0,17.78,3221
2016TT,26.0*,2084-09-26 15:33,1/1.73E6,-6.87,0,16.11,174
2016EV84,20.0*,2080-03-11 06:42,1/675675,-6.87,0,13.41,366
2011UL169,9.0*,2057-10-25 16:02,1/180505,-6.87,0,14.57,1962
1991BA,8.0*,2023-01-18 01:38,1/370370,-6.87,0,21.97,9551
2015FA345,63.0*,2024-03-15 17:44,1/9.8E7,-6.88,0,14.49,689
2009FJ,45.0*,2058-03-13 18:49,1/7.41E6,-6.88,0,14.33,2931
2011QF48,37.0*,2067-08-26 23:59,1/8.77E6,-6.89,0,22.84,2019
2014EU,12.0*,2080-03-01 23:10,1/199203,-6.9,0,12.53,1099
2011CL50,13.0*,2059-02-16 16:03,1/273972,-6.91,0,11.67,2154
2009TD17,12.0*,2085-10-16 04:44,1/193050,-6.91,0,12.97,2699
2015TG24,19.0*,2112-10-13 17:25,1/581395,-6.92,0,14.9,519
2008LD,7.0*,2113-05-31 00:52,1/34013,-6.92,0,11.92,3205
2015YV20,140.0*,2027-05-08 18:30,1/4.26E8,-6.93,0,12.73,415
1993UA,34.0*,2111-10-21 04:58,1/1.85E6,-6.93,0,14.6,8541
2016CH30,11.0*,2103-02-16 03:22,1/119904,-6.94,0,12.44,400
2010UC7,43.0,2112-11-06 01:25,1/6.41E6,-6.94,0,17.36,831
2012WS3,28.0*,2082-05-22 14:18,1/1.9E6,-6.95,0,14.22,1572
2008EA9,12.0*,2081-12-21 10:05,1/163398,-6.95,0,11.25,3289
2008BC15,20.0*,2094-07-22 19:36,1/1.61E6,-6.95,0,23.41,3329
2008CB6,16.0*,2093-04-27 18:06,1/408163,-6.96,0,13.43,3320
2015WP2,4.0*,2089-11-19 22:15,1/25188,-6.98,0,16.87,475
2015MC131,47.0*,2044-12-17 22:21,1/1.22E8,-7.0,0,26.22,601
2007DC,13.0*,2054-02-08 13:35,1/471698,-7.0,0,13.03,3676
2010FN,20.0*,2082-10-12 20:24,1/826446,-7.02,0,13.08,2551
2015VP64,9.0*,2087-11-09 11:14,1/350877,-7.03,0,23.76,449
2009FP32,12.0*,2104-04-02 15:13,1/348432,-7.04,0,18.79,2904
2007TX22,9.0*,2060-10-12 05:43,1/199203,-7.04,0,14.24,3440
2013TV132,21.0*,2111-10-05 01:03,1/877192,-7.05,0,14.45,1247
2006UC64,43.0*,2103-04-20 19:15,1/1.09E7,-7.05,0,23.39,3806
2006SR131,11.0*,2072-09-24 18:23,1/247524,-7.05,0,14.03,3819
2004BN41,30.0*,2116-02-12 00:36,1/1.69E6,-7.05,0,13.8,4791
2013PS13,15.0*,2096-08-12 09:20,1/813008,-7.07,0,20.57,1312
2012CU,27.0*,2100-02-01 19:16,1/2.09E6,-7.07,0,15.64,1864
2011BP40,34.0*,2034-03-09 06:22,1/9.26E6,-7.07,0,11.69,2154
2009WW7,7.0*,2083-11-19 20:01,1/83333,-7.07,0,13.87,2669
2013RS43,17.0*,2108-09-18 06:26,1/471698,-7.09,0,12.55,1277
2012SG58,100.0*,2060-10-04 19:25,1/1.46E8,-7.09,0,19.43,1640
2011AE3,18.0*,2069-01-02 03:26,1/259067,-7.09,0,11.93,2154
2008GM2,9.0*,2099-04-03 08:57,1/105596,-7.1,0,12.1,3261
2014CE,16.0*,2112-02-03 06:56,1/763358,-7.11,0,17.17,1134
2010RM80,11.0*,2116-09-05 16:45,1/155279,-7.12,0,12.4,2373
2011WN69,24.0*,2109-11-23 12:37,1/3.8E6,-7.13,0,25.6,1930
2016NJ56,48.0*,2036-12-17 14:51,1/1.93E7,-7.14,0,12.29,207
2016FZ13,9.0*,2109-03-23 09:00,1/116550,-7.15,0,11.98,345
2015GB1,20.0*,2071-04-17 20:18,1/1.51E6,-7.15,0,13.35,701
2010UR7,14.0*,2086-10-28 16:03,1/746268,-7.15,0,17.41,2324
2006GU2,12.0*,2087-10-10 13:32,1/291545,-7.15,0,13.33,3989
2015ET,19.0*,2076-03-08 02:08,1/1.9E6,-7.17,0,16.2,731
2009YR,11.0*,2060-09-20 03:06,1/305810,-7.17,0,11.6,2640
2013QM48,14.0*,2097-08-23 13:54,1/458715,-7.18,0,13.44,1286
2007EN88,22.0*,2104-03-13 12:43,1/1.63E6,-7.18,0,16.52,3072
2016GU2,65.0*,2113-04-01 22:06,1/9.8E7,-7.19,0,40.74,341
2016SU2,12.0*,2110-09-26 15:32,1/467289,-7.21,0,16.94,186
2012BK14,13.0*,2043-01-14 01:52,1/680272,-7.21,0,11.91,1876
2008WO2,5.0*,2092-11-18 23:17,1/33670,-7.21,0,12.74,3033
2016JO38,45.0*,2025-09-25 21:49,1/8.85E7,-7.22,0,14.2,288
2016FW3,37.0*,2102-09-24 06:06,1/5.85E6,-7.22,0,14.22,356
2016PR66,92.0*,2021-05-19 06:01,1/8.93E8,-7.23,0,14.01,207
2001FB90,440.0*,2067-10-19 02:28,1/9.35E9,-7.23,0,27.38,5843
2014HN197,250.0*,2017-12-25 12:53,1/1.45E10,-7.24,0,14.56,847
2009XQ2,38.0*,2103-12-19 09:13,1/7.75E7,-7.24,0,30.38,2142
2004RU109,21.0*,2038-09-14 06:01,1/5.24E6,-7.24,0,17.09,4565
2016WN7,11.0*,2095-11-22 02:53,1/304878,-7.24,0,12.76,117
2015YC1,26.0*,2100-06-17 17:15,1/2.58E6,-7.26,0,13.84,449
2012TU231,24.0*,2111-10-13 20:50,1/2.16E6,-7.26,0,14.98,816
2015PL57,29.0*,2112-07-08 03:04,1/2.48E6,-7.27,0,11.81,578
2006YE,14.0*,2089-01-19 20:07,1/591715,-7.28,0,12.71,3739
2015YM1,9.0*,2096-06-16 15:48,1/206611,-7.29,0,13.09,448
2009TB,6.0*,2020-09-30 17:04,1/1.05E6,-7.29,0,16.72,2724
2007EZ25,33.0*,2097-03-04 05:18,1/1.06E7,-7.29,0,23.6,3653
2002CB19,47.0*,2049-08-10 17:00,1/3.66E7,-7.31,0,19.3,3086
2012XL55,16.0*,2036-06-08 18:49,1/7.81E6,-7.32,0,22.24,1553
2008UA92,15.0*,2078-11-01 19:35,1/917431,-7.32,0,13.98,3056
2008UA202,5.0*,2066-10-12 02:00,1/75187,-7.32,0,11.41,3051
2017DP109,17.0*,2057-03-02 14:25,1/3.24E6,-7.32,0,16.45,38
2016EG28,11.0*,2099-03-04 16:00,1/699300,-7.33,0,18.45,372
2006UJ185,11.0*,2116-11-01 16:34,1/512820,-7.33,0,19.07,3787
2015HE183,9.0*,2071-04-20 09:04,1/613496,-7.35,0,17.67,643
2010MA113,903.0,2068-08-02 10:12,1/5.38E10,-7.35,0,31.11,236
2012SU9,15.0*,2111-01-11 14:05,1/943396,-7.36,0,15.61,1634
2012BW13,15.0*,2111-01-27 23:50,1/990099,-7.36,0,16.22,1877
2010DG77,315.0,2052-01-11 00:03,1/3.44E9,-7.36,0,17.77,2561
2007UT3,30.0*,2075-08-29 00:12,1/6.33E6,-7.36,0,14.38,3430
2011FA23,7.0*,2063-03-31 07:05,1/366300,-7.38,0,18.16,1460
2010XB,5.0*,2036-11-30 06:03,1/483091,-7.38,0,22.49,2154
2004ME6,99.0*,2058-07-13 01:11,1/1.42E8,-7.38,0,14.57,4643
2005BS1,15.0*,2024-01-14 10:26,1/5.49E6,-7.4,0,16.67,4436
2010VN1,9.0*,2054-11-02 23:04,1/709219,-7.41,0,15.68,2320
2010HP20,13.0*,2051-04-19 08:57,1/925925,-7.41,0,14.07,2515
2009TM8,8.0*,2093-10-18 03:13,1/232018,-7.42,0,13.72,2705
2013BR15,40.0*,2100-01-02 18:00,1/1.58E7,-7.43,0,17.98,1514
2017DG16,5.0*,2084-02-25 01:22,1/103519,-7.44,0,12.92,46
2015VN64,13.0*,2088-11-03 18:13,1/1.49E6,-7.44,0,19.42,491
2016VF18,5.0*,2077-10-20 08:11,1/100908,-7.44,0,15.02,114
2017FB102,18.0*,2066-03-20 03:52,1/3E6,-7.44,0,14.21,17
2014JU79,100.0*,2018-09-06 08:30,1/1.47E9,-7.45,0,12.78,838
2001SD286,37.0*,2080-09-23 05:14,1/1.33E7,-7.45,0,16.81,5644
2017BL30,92.0*,2098-03-04 20:56,1/8.26E7,-7.46,0,13.27,73
2014JV79,35.0*,2022-11-14 08:01,1/1.33E8,-7.46,0,15.57,838
2008CJ,14.0*,2106-02-02 01:41,1/819672,-7.47,0,12.95,1459
2015BY3,13.0*,2058-07-10 21:00,1/3.02E6,-7.48,0,19.99,783
2008US,2.0*,2017-10-21 05:14,1/191938,-7.48,0,20.94,3072
2016TC57,16.0*,2112-10-14 09:33,1/1.45E6,-7.49,0,14.19,156
2017DB120,110.0*,2061-03-26 01:49,1/3.58E8,-7.49,0,17.8,23
2004FU162,8.0*,2018-04-01 04:08,1/8.4E6,-7.5,0,20.55,4763
2004DA53,11.0*,2111-02-25 15:03,1/492610,-7.5,0,14.57,1459
2010TW54,13.0*,2092-10-08 14:38,1/892857,-7.51,0,13.62,2343
2006UQ216,15.0*,2074-03-01 20:40,1/1.18E6,-7.52,0,11.8,3785
2017FV,53.0*,2114-04-02 16:15,1/3.68E7,-7.52,0,18.55,30
2016TQ54,14.0*,2106-10-04 22:15,1/1.17E6,-7.53,0,14.06,151
2016TG94,5.0*,2102-10-10 01:06,1/92592,-7.53,0,14.17,131
2016FC1,6.0*,2082-03-11 08:31,1/341296,-7.53,0,18.86,359
2006HX57,39.0*,2045-05-09 01:51,1/3.24E7,-7.53,0,15.4,3968
2005UA1,23.0*,2036-10-19 18:39,1/1.49E7,-7.53,0,18.45,4142
2001YN2,43.0*,2091-12-16 22:06,1/3.23E7,-7.54,0,21.98,5557
2006HE2,21.0*,2103-10-08 02:33,1/2.24E6,-7.56,0,12.26,3978
2016BE,82.0*,2098-02-03 14:08,1/9.26E7,-7.57,0,14.4,419
2012HE31,30.0*,2062-09-15 19:54,1/1.56E7,-7.58,0,15.4,1778
2016VA18,10.0*,2022-08-03 19:25,1/7.94E6,-7.58,0,11.49,113
2016WU,15.0*,2109-05-16 03:59,1/1.26E6,-7.59,0,13.22,127
2008OO1,51.0*,2107-07-23 14:02,1/3.45E7,-7.6,0,17.12,3134
2014WE6,4.0*,2104-11-07 08:46,1/39525,-7.61,0,12.02,844
2010MZ112,808.0,2032-02-19 14:18,1/1.36E7,-7.61,0,11.55,2441
2006BF56,5.0*,2106-01-28 14:00,1/318471,-7.61,0,28.5,1460
2014HJ198,18.0*,2057-04-21 04:44,1/1.26E7,-7.62,0,24.18,838
2010VO139,21.0*,2102-11-12 03:50,1/1.73E7,-7.62,0,26.61,2310
2017BW30,67.0*,2104-08-05 06:59,1/8.4E7,-7.62,0,17.61,70
2013GW38,8.0*,2070-04-08 00:06,1/709219,-7.63,0,15.2,1432
2016WR55,9.0*,2115-11-29 07:49,1/632911,-7.63,0,18.03,99
2008SH148,25.0*,2049-10-17 03:33,1/1.49E7,-7.66,0,15.32,3086
2005CP7,39.0*,2079-01-26 01:02,1/1.87E7,-7.66,0,13.42,4417
2017BE30,23.0*,2100-01-22 14:28,1/9.17E6,-7.67,0,20.09,67
2014HB177,9.0*,2085-05-03 22:45,1/628930,-7.7,0,12.73,1046
2016JN38,6.0*,2072-04-30 14:14,1/813008,-7.71,0,22.36,288
2015CL13,31.0*,2090-02-15 15:42,1/1.87E7,-7.71,0,17.68,757
2011YC40,5.0*,2028-12-27 12:14,1/826446,-7.71,0,15.63,1898
2017FC1,25.0*,2064-03-15 11:53,1/1.22E7,-7.72,0,13.91,25
2011CF66,15.0*,2091-02-17 17:12,1/1.37E6,-7.72,0,17.92,2154
2016DK2,6.0*,2069-02-21 08:30,1/840336,-7.73,0,20.83,376
2016TH,5.0*,2081-03-31 09:20,1/238663,-7.75,0,13.4,161
2014HN2,23.0*,2082-03-23 00:45,1/5.49E6,-7.76,0,11.48,1054
2012UE,9.0*,2040-10-20 05:07,1/2.55E6,-7.76,0,17.29,1607
2015JC1,16.0*,2068-05-11 22:48,1/7.14E6,-7.78,0,18.94,670
2015FH37,45.0*,2115-03-30 14:02,1/5.49E7,-7.79,0,21.47,733
2008BN16,28.0*,2079-01-22 14:54,1/2.7E7,-7.79,0,22.08,3328
2011BH40,42.0*,2038-07-27 06:35,1/6.25E7,-7.8,0,12.31,2154
2006DO62,8.0*,2053-02-21 23:57,1/1.62E6,-7.81,0,15.54,4031
2014LJ,8.0*,2083-05-19 08:41,1/578034,-7.82,0,11.75,1012
2017AE21,56.0*,2025-05-10 04:18,1/2.5E8,-7.82,0,12.18,70
2016WF7,8.0*,2113-11-21 06:10,1/389105,-7.83,0,12.94,123
2011CF22,3.0*,2094-02-07 01:15,1/97087,-7.83,0,21.78,2154
2017BK30,15.0*,2085-02-11 15:49,1/3.76E6,-7.83,0,14.97,73
2015PS228,7.0*,2080-03-11 07:58,1/392156,-7.84,0,11.47,576
2003UM3,11.0*,2069-10-12 21:26,1/2.11E6,-7.84,0,18.4,4895
2008VL,12.0*,2093-10-28 10:26,1/1.35E6,-7.85,0,14.36,3051
2014WZ365,31.0*,2047-12-11 21:42,1/4.69E7,-7.86,0,15.58,832
2014HS197,6.0*,2055-04-21 07:55,1/970873,-7.86,0,20.32,839
2015FU344,3.0*,2066-03-16 10:58,1/88495,-7.87,0,14.95,689
2006XZ2,16.0*,2074-12-23 22:47,1/4.44E6,-7.88,0,14.38,3741
2015HE1,17.0*,2098-04-21 08:00,1/6.25E6,-7.9,0,18.39,693
2008VS4,57.0*,2017-05-23 21:22,1/1.57E9,-7.9,0,17.45,3056
2014KC45,6.0*,2066-05-26 23:36,1/510204,-7.92,0,14.29,1020
2013XS21,6.0*,2092-12-11 22:18,1/305810,-7.92,0,13.48,1185
2009VT1,5.0*,2046-10-19 08:02,1/531914,-7.92,0,13.16,2679
2008TS10,7.0*,2078-09-20 21:30,1/540540,-7.92,0,11.63,3076
2008HC38,25.0*,2029-04-23 02:38,1/7.19E7,-7.94,0,17.96,3236
2000SZ162,15.0*,2070-06-22 13:44,1/3.19E6,-7.94,0,11.93,6001
2003YS70,7.0*,2107-01-10 18:16,1/361010,-7.95,0,11.62,4825
2014HY198,5.0*,2082-05-06 14:15,1/277008,-7.96,0,12.95,838
2005GQ33,74.0*,2081-10-25 06:58,1/4.98E8,-7.96,0,24.48,4389
2007FP3,9.0*,2106-03-16 04:47,1/909090,-7.97,0,14.77,3644
2015HQ182,42.0*,2020-11-26 03:27,1/6.33E8,-7.99,0,12.95,648
2010CK19,11.0*,2116-08-19 13:29,1/1.18E6,-7.99,0,12.25,2582
2016EP84,14.0*,2086-03-10 03:49,1/2.8E6,-8.0,0,11.42,367
2016GS134,11.0*,2070-03-31 14:20,1/3.65E6,-8.01,0,15.69,339
2015VL64,9.0*,2109-11-05 18:32,1/1.16E6,-8.01,0,14.14,490
2007VE191,78.0*,2026-11-26 17:36,1/1.69E9,-8.01,0,20.3,692
2014OP2,6.0*,2071-07-25 14:17,1/1.01E6,-8.02,0,16.14,960
2015KP18,110.0*,2073-06-08 18:56,1/1.23E9,-8.03,0,20.3,662
2017EA,3.0*,2046-03-03 07:18,1/520833,-8.03,0,20.63,39
2011EM40,11.0*,2054-09-12 21:12,1/4.33E6,-8.04,0,15.47,2154
2007VJ3,44.0*,2112-10-29 03:35,1/8.06E7,-8.05,0,19.66,1459
2011BT59,280.0*,2052-04-10 06:53,1/5.38E10,-8.06,0,38.95,2154
2016AF2,12.0*,2076-03-22 14:57,1/3.21E6,-8.09,0,12.63,434
2013CY,10.0*,2100-11-16 23:57,1/1.18E6,-8.09,0,11.45,1499
2008CM74,10.0*,2100-07-17 13:55,1/1.39E6,-8.09,0,11.9,3317
2005UC3,16.0*,2103-10-05 15:56,1/4.69E6,-8.09,0,13.74,4155
2016WT,5.0*,2111-11-19 11:43,1/326797,-8.1,0,15.49,127
2016UQ36,11.0*,2041-10-24 15:42,1/1.15E7,-8.12,0,15.94,138
2016AZ193,20.0*,2024-04-13 00:43,1/1.4E8,-8.12,0,15.49,376
2014WC201,25.0*,2110-12-04 23:23,1/1.93E7,-8.12,0,15.9,839
2012TP20,11.0*,2079-10-02 13:06,1/3.18E6,-8.12,0,13.36,1611
2008UY91,60.0*,2023-04-24 20:38,1/7.87E8,-8.12,0,19.35,3056
2016JG38,51.0*,2045-10-17 07:58,1/1.48E9,-8.14,0,22.75,288
2009QR,14.0*,2042-08-24 08:12,1/1.07E7,-8.17,0,12.23,2764
2014MG68,100.0*,2036-09-27 11:53,1/5.92E9,-8.18,0,18.16,957
2015HS182,36.0*,2067-10-07 01:31,1/2.78E8,-8.19,0,21.94,643
2014UA176,18.0*,2078-11-08 14:30,1/1.32E7,-8.2,0,14.49,864
2010XU,36.0*,2086-11-03 08:47,1/4.76E7,-8.2,0,12.78,2154
2016JA,13.0*,2080-10-01 12:32,1/6.33E6,-8.25,0,13.52,314
2016FE15,7.0*,2068-03-28 04:51,1/2.54E6,-8.25,0,16.55,343
2014HN198,32.0*,2019-01-07 16:57,1/8E8,-8.26,0,15.31,838
2016EL1,11.0*,2109-09-06 02:51,1/7.35E6,-8.27,0,22.72,370
2012WR10,8.0*,2087-09-02 19:42,1/1.47E6,-8.27,0,11.51,1570
2016XL23,6.0*,2080-11-29 13:47,1/1.17E6,-8.28,0,14.97,113
2005VP,32.0*,2053-11-01 08:33,1/1.14E8,-8.32,0,15.27,4146
2002XV90,38.0*,2101-12-12 01:42,1/6.29E7,-8.32,0,13.54,5185
2012DY13,11.0*,2074-08-23 20:56,1/9.71E6,-8.33,0,20.32,1844
2004OD4,17.0*,2100-07-17 00:29,1/1.06E7,-8.34,0,14.02,1459
2014QJ365,13.0*,2095-08-26 12:03,1/9.17E6,-8.35,0,16.45,923
2006BO7,6.0*,2067-05-31 02:23,1/1.37E6,-8.35,0,14.89,4066
2017AF21,50.0*,2051-12-04 22:09,1/2.16E8,-8.35,0,13.82,63
2009VZ39,9.0*,2053-02-07 09:19,1/7.58E6,-8.36,0,11.82,2685
2015SK7,7.0*,2100-09-21 18:29,1/2.2E6,-8.4,0,16.49,534
2010VR139,20.0*,2017-10-10 11:14,1/2.13E8,-8.42,0,12.05,2310
2013UJ5,11.0*,2061-08-07 03:49,1/9.62E6,-8.43,0,15.55,1221
2010XQ,38.0*,2036-12-04 21:17,1/5.65E8,-8.45,0,15.55,2292
2015VO142,7.0*,2087-12-07 17:15,1/1.45E6,-8.47,0,11.53,482
2015XQ129,54.0*,2093-07-13 04:49,1/4.85E8,-8.5,0,18.89,461
2016HF3,47.0*,2078-05-19 21:36,1/2.5E8,-8.5,0,13.71,333
2014KS76,20.0*,2089-05-18 00:10,1/2.63E7,-8.51,0,13.29,1017
2016VZ17,19.0*,2030-08-19 19:51,1/8.77E7,-8.53,0,14.76,114
2016LE10,16.0*,2072-06-06 18:46,1/3.53E7,-8.58,0,16.86,276
2017FL64,8.0*,2111-02-28 04:08,1/2.16E6,-8.59,0,11.44,20
2016TT92,22.0*,2099-09-19 02:38,1/3.88E7,-8.61,0,13.55,178
2008GY21,13.0*,2066-04-09 04:45,1/2.07E7,-8.63,0,16.17,3254
2008EL68,12.0*,2039-02-12 05:15,1/1.42E7,-8.64,0,11.41,3313
2006WV,16.0*,2082-11-22 10:00,1/3.47E7,-8.65,0,18.39,3072
2017FW128,15.0*,2081-04-09 20:36,1/1.96E7,-8.65,0,12.62,11
2016UR36,13.0*,2107-04-08 03:19,1/2.31E7,-8.67,0,21.15,136
2014UU56,9.0*,2078-05-12 12:50,1/7.52E6,-8.67,0,13.83,868
2014DK10,12.0*,2060-02-21 20:50,1/2.46E7,-8.67,0,16.28,1113
2015XH55,6.0*,2092-12-01 22:34,1/2.11E6,-8.69,0,13.26,462
2014WU200,7.0*,2113-11-27 16:54,1/1.75E6,-8.69,0,11.32,840
2011AZ36,46.0*,2062-02-17 06:27,1/6.25E8,-8.71,0,11.36,2154
2005CM7,25.0*,2032-08-11 01:57,1/4.13E8,-8.71,0,21.76,4418
2014HJ197,4.0*,2047-04-18 02:12,1/1.56E6,-8.72,0,12.04,838
2014OQ392,120.0*,2019-10-13 03:12,1/6.67E10,-8.74,0,12.29,944
2016DY30,3.0*,2036-02-26 00:13,1/4.12E6,-8.75,0,19.18,370
2011AD3,21.0*,2100-01-07 16:08,1/1.03E8,-8.76,0,20.82,2154
2009EJ1,9.0*,2039-11-09 05:57,1/2.46E7,-8.77,0,15.55,2931
2016JP38,54.0*,2025-01-08 02:40,1/8.7E9,-8.78,0,19.02,288
2007VD8,11.0*,2028-11-05 09:17,1/8.26E7,-8.78,0,16.81,3415
2014HT197,8.0*,2070-04-24 09:37,1/1.67E7,-8.8,0,19.98,838
2008UM1,2.0*,2021-10-22 06:45,1/3.1E6,-8.8,0,22.78,3071
2015KA158,18.0*,2024-05-10 15:56,1/8.13E8,-8.85,0,18.33,642
2016EN157,10.0*,2054-03-11 00:49,1/3.07E7,-8.86,0,16.79,362
2014JT79,20.0*,2044-04-20 06:04,1/5.43E8,-8.86,0,20.19,838
2016WQ1,11.0*,2103-09-26 18:56,1/1.28E7,-8.86,0,13.56,132
2011AZ22,8.0*,2095-01-09 18:10,1/8.26E6,-8.87,0,16.74,2154
2011BA60,150.0*,2111-01-04 10:58,1/1.86E10,-8.91,0,20.57,2154
2007BB,11.0*,2076-01-17 04:11,1/1.61E7,-8.91,0,12.03,3707
2017BF136,25.0*,2040-02-01 03:14,1/1.04E9,-8.94,0,23.64,47
2016AQ164,4.0*,2035-01-10 07:44,1/1.22E7,-8.95,0,17.84,423
2014HN199,19.0*,2043-09-13 12:49,1/4.65E8,-8.95,0,21.33,756
2016TM,13.0*,2091-06-25 20:46,1/2.35E7,-8.96,0,11.97,172
2011CA7,4.0*,2062-02-19 17:27,1/2.07E6,-8.97,0,14.3,2154
2016SK2,37.0*,2075-09-18 15:52,1/7.14E8,-9.02,0,17.64,182
2010XP,19.0*,2059-12-09 21:07,1/1.8E8,-9.03,0,15.48,2292
2012TE53,21.0*,2098-10-08 19:41,1/1.05E8,-9.04,0,15.21,1459
2008LE,46.0*,2061-05-22 12:35,1/3.8E8,-9.06,0,13.31,3205
2007VF189,9.0*,2077-11-14 00:01,1/2.22E7,-9.11,0,16.02,3408
2013EC20,7.0*,2068-03-09 21:59,1/8.2E6,-9.12,0,11.49,1466
2010UE,5.0*,2044-10-13 05:54,1/1.64E7,-9.12,0,19.51,2338
2014XC8,25.0*,2100-12-11 14:34,1/2.25E8,-9.14,0,16.34,817
2015HO182,17.0*,2020-02-13 14:28,1/1.49E9,-9.18,0,14.96,643
1993KA2,7.0*,2060-11-10 00:22,1/3.7E7,-9.3,0,25.75,8696
2016TB57,25.0*,2099-10-30 18:19,1/2.17E8,-9.36,0,11.4,181
2008YD3,25.0*,2022-12-13 12:26,1/3.07E9,-9.36,0,13.65,3002
2005TK50,6.0*,2106-03-15 19:52,1/2.69E7,-9.36,0,22.27,4169
2009EH1,11.0*,2064-03-02 20:04,1/8.62E7,-9.38,0,15.46,2931
2016CO248,13.0*,2075-02-05 18:42,1/8.2E7,-9.39,0,12.39,389
2017CY32,8.0*,2047-01-30 22:38,1/1.61E8,-9.39,0,22.64,47
2012EZ1,7.0*,2107-11-07 03:45,1/2.22E7,-9.41,0,17.56,1459
2009XR1,6.0*,2041-01-24 10:00,1/2.61E7,-9.41,0,13.12,2648
2007XB23,16.0*,2062-12-11 10:21,1/1.51E8,-9.42,0,12.07,3375
2008XK,15.0*,2053-12-04 12:52,1/3.77E8,-9.46,0,20.32,3022
2009FK,9.0*,2027-03-20 21:30,1/1.6E8,-9.51,0,13.22,2142
2015HW182,35.0*,2073-09-07 07:22,1/3.3E9,-9.52,0,17.8,642
2016PA79,62.0*,2063-06-23 04:48,1/4.48E9,-9.53,0,11.18,169
2017EB23,40.0*,2089-03-15 04:48,1/2.7E9,-9.62,0,14.6,23
2008VB4,9.0*,2069-09-11 06:04,1/1.46E8,-9.64,0,17.9,3056
2012GD,18.0*,2106-04-13 12:10,1/2.44E8,-9.68,0,13.94,1805
2017FD3,12.0*,2077-03-17 14:08,1/2.28E8,-9.77,0,15.85,23
1994ES1,8.0*,2044-10-02 06:58,1/2.37E8,-9.9,0,21.65,1460
2016WM1,48.0*,2115-05-17 18:10,1/7.75E9,-9.91,0,20.12,127
2016VH,19.0*,2115-10-24 09:37,1/4.24E8,-9.97,0,12.16,162
2009YA,44.0*,2040-12-16 23:15,1/8.85E10,-10.05,0,23.76,2142
2017BD6,8.0*,2090-01-25 04:24,1/1.66E8,-10.18,0,14.53,75
2015FC345,12.0*,2112-07-16 06:42,1/2.59E8,-10.18,0,13.05,689
2010VP139,6.0*,2057-04-26 18:56,1/2.71E8,-10.19,0,11.34,2318
2003SQ222,4.0*,2112-09-29 17:51,1/6.37E7,-10.43,0,18.88,1459
2014HK197,17.0*,2108-09-05 23:43,1/3.58E9,-10.44,0,21.39,839
2015KH158,25.0*,2098-05-16 12:49,1/7.46E9,-10.46,0,18.46,642
2014HR197,16.0*,2035-10-29 16:28,1/6.1E9,-10.53,0,16.73,838
2013RZ53,2.0*,2093-08-04 01:29,1/1.5E7,-10.59,0,11.25,1291
2016EU84,7.0*,2115-03-01 16:15,1/1.8E8,-10.63,0,11.43,382
2016VR4,7.0*,2107-11-10 10:39,1/2.95E8,-10.66,0,15.43,134
2010DG1,54.0*,2096-02-09 11:12,1/8.4E10,-10.7,0,21.51,2593
2016EF195,31.0*,2099-03-08 08:25,1/1.29E10,-10.75,0,13.87,125
2015HZ182,14.0*,2040-04-05 13:06,1/1.8E10,-10.78,0,18.99,643
2009JE1,18.0*,2096-05-04 10:24,1/4.07E10,-10.86,0,19.5,2142
2016YY,34.0*,2101-12-11 10:24,1/4.12E10,-10.95,0,18.84,97
2016SX1,8.0*,2113-09-17 06:56,1/1.05E9,-11.25,0,11.5,167
2016XK24,270.0*,2111-01-04 01:35,1/6.06E10,-11.31,0,11.32,97
2013TH6,29.0*,2109-09-28 06:55,1/4.85E10,-11.37,0,16.75,1253
2015EG,31.0*,2110-03-06 01:09,1/5.52E10,-11.41,0,14.68,710